id,canonicalName,aliases,category,subcategory,referenceState,kcal,protein,carbohydrate,fat,fibre,dataStatus,generatorEligible,manualAddable,clientConsumable,verificationStatus
"BATCH0_1","Spinach","Palak","vegetable","Leafy greens","RAW","23","2.9","3.6","0.4","2.2","GOVERNED","false","false","false","Reference only — verify authoritative source before production"
"BATCH0_2","Fenugreek leaves","Methi","vegetable","Leafy greens","RAW","49","4.4","6","0.9","1.1","REFERENCE","true","true","true","Reference only — verify authoritative source before production"
"BATCH0_3","Mustard greens","Sarson","vegetable","Leafy greens","RAW","27","2.9","4.7","0.4","3.2","REFERENCE","true","true","true","Reference only — verify authoritative source before production"
"BATCH0_4","Amaranth leaves, green","Chaulai|Math|Keerai","vegetable","Leafy greens","RAW","23","2.5","4","0.3","2.2","REFERENCE","true","true","true","Reference only — verify authoritative source before production"
"BATCH0_5","Amaranth leaves, red","Lal math|Lal saag","vegetable","Leafy greens","RAW","23","2.5","4","0.3","2.2","REFERENCE","true","true","true","Reference only — verify authoritative source before production"
"BATCH0_6","Bathua leaves","Bathua","vegetable","Leafy greens","RAW","43","4.2","7","0.8","4","REFERENCE","true","true","true","Reference only — verify authoritative source before production"
"BATCH0_7","Dill leaves","Shepu|Suva","vegetable","Leafy greens","RAW","43","3.5","7","1.1","2.1","REFERENCE","true","true","true","Reference only — verify authoritative source before production"
"BATCH0_8","Coriander leaves","Dhania","vegetable","Leafy greens","RAW","23","2.1","3.7","0.5","2.8","REFERENCE","true","true","true","Reference only — verify authoritative source before production"
"BATCH0_9","Mint leaves","Pudina","vegetable","Leafy greens","RAW","44","3.3","8.4","0.7","6.8","REFERENCE","true","true","true","Reference only — verify authoritative source before production"
"BATCH0_10","Curry leaves","Kadi patta","vegetable","Leafy greens","RAW","108","6.1","18.7","1","6.4","REFERENCE","true","true","true","Reference only — verify authoritative source before production"
"BATCH0_11","Drumstick leaves","Moringa leaves|Murungai keerai","vegetable","Leafy greens","RAW","64","9.4","8.3","1.4","2","REFERENCE","true","true","true","Reference only — verify authoritative source before production"
"BATCH0_12","Colocasia leaves","Arbi ke patte|Alu leaves","vegetable","Leafy greens","RAW","42","4","6.7","0.7","3.7","REFERENCE","true","true","true","Reference only — verify authoritative source before production"
"BATCH0_13","Malabar spinach","Poi|Basale|Mayalu","vegetable","Leafy greens","RAW","19","1.8","3.4","0.3","2.1","REFERENCE","true","true","true","Reference only — verify authoritative source before production"
"BATCH0_14","Gongura","Roselle leaves|Ambadi","vegetable","Leafy greens","RAW","49","1.9","10","0.6","3","REFERENCE","true","true","true","Reference only — verify authoritative source before production"
"BATCH0_15","Purslane","Kulfa","vegetable","Leafy greens","RAW","20","2","3.4","0.4","1.8","REFERENCE","true","true","true","Reference only — verify authoritative source before production"
"BATCH0_16","Water spinach","Kalmi saag","vegetable","Leafy greens","RAW","19","2.6","3.1","0.2","2.1","REFERENCE","true","true","true","Reference only — verify authoritative source before production"
"BATCH0_17","Sorrel leaves","Chuka|Khatta palak","vegetable","Leafy greens","RAW","22","2","3.2","0.7","2.9","REFERENCE","true","true","true","Reference only — verify authoritative source before production"
"BATCH0_18","Radish leaves","Mooli ke patte","vegetable","Leafy greens","RAW","25","2","4","0.2","3","REFERENCE","true","true","true","Reference only — verify authoritative source before production"
"BATCH0_19","Beet greens","Beetroot leaves","vegetable","Leafy greens","RAW","22","2.2","4.3","0.1","3.7","REFERENCE","true","true","true","Reference only — verify authoritative source before production"
"BATCH0_20","Turnip greens","Shalgam ke patte","vegetable","Leafy greens","RAW","32","1.5","7.1","0.3","3.2","REFERENCE","true","true","true","Reference only — verify authoritative source before production"
"BATCH0_21","Spring onion greens","Hara pyaz patta","vegetable","Leafy greens","RAW","32","1.8","7.3","0.2","2.6","REFERENCE","true","true","true","Reference only — verify authoritative source before production"
"BATCH0_22","Lettuce, iceberg","Iceberg lettuce","vegetable","Leafy greens","RAW","14","0.9","3","0.1","1.2","REFERENCE","true","true","true","Reference only — verify authoritative source before production"
"BATCH0_23","Lettuce, romaine","Romaine lettuce","vegetable","Leafy greens","RAW","17","1.2","3.3","0.3","2.1","REFERENCE","true","true","true","Reference only — verify authoritative source before production"
"BATCH0_24","Kale","Kale","vegetable","Leafy greens","RAW","35","2.9","4.4","1.5","4.1","REFERENCE","true","true","true","Reference only — verify authoritative source before production"
"BATCH0_25","Bok choy","Pak choi","vegetable","Leafy greens","RAW","13","1.5","2.2","0.2","1","REFERENCE","true","true","true","Reference only — verify authoritative source before production"
"BATCH0_26","Celery","Celery stalk|leaves","vegetable","Leafy greens","RAW","14","0.7","3","0.2","1.6","REFERENCE","true","true","true","Reference only — verify authoritative source before production"
"BATCH0_27","Agathi leaves","Agathi keerai","vegetable","Leafy greens","RAW","93","8.6","12","1.2","2","REFERENCE","true","true","true","Reference only — verify authoritative source before production"
"BATCH0_28","Manathakkali leaves","Black nightshade greens","vegetable","Leafy greens","RAW","45","4","7","0.6","3","REFERENCE","true","true","true","Reference only — verify authoritative source before production"
"BATCH0_29","Ponnanganni greens","Sessile joyweed","vegetable","Leafy greens","RAW","40","4","6","0.5","3","REFERENCE","true","true","true","Reference only — verify authoritative source before production"
"BATCH0_30","Bottle gourd","Lauki|Doodhi|Ghiya","vegetable","Gourds & fruit vegetables","RAW","15","0.6","3.7","0","1.2","GOVERNED","false","false","false","Reference only — verify authoritative source before production"
"BATCH0_31","Ridge gourd","Turai|Dodka","vegetable","Gourds & fruit vegetables","RAW","20","1.2","4.4","0.2","1.1","REFERENCE","true","true","true","Reference only — verify authoritative source before production"
"BATCH0_32","Sponge gourd","Gilki|Ghosale","vegetable","Gourds & fruit vegetables","RAW","20","1.2","4.4","0.2","1.1","GOVERNED","false","false","false","Reference only — verify authoritative source before production"
"BATCH0_33","Bitter gourd","Karela","vegetable","Gourds & fruit vegetables","RAW","17","1","3.7","0.2","2.8","GOVERNED","false","false","false","Reference only — verify authoritative source before production"
"BATCH0_34","Snake gourd","Padwal|Chichinda","vegetable","Gourds & fruit vegetables","RAW","18","0.5","4","0.3","1","REFERENCE","true","true","true","Reference only — verify authoritative source before production"
"BATCH0_35","Ash gourd","Petha|Winter melon","vegetable","Gourds & fruit vegetables","RAW","13","0.4","3","0.2","2.9","GOVERNED","false","false","false","Reference only — verify authoritative source before production"
"BATCH0_36","Pumpkin","Kaddu|Bhopla","vegetable","Gourds & fruit vegetables","RAW","26","1","6.5","0.1","0.5","GOVERNED","false","false","false","Reference only — verify authoritative source before production"
"BATCH0_37","Pointed gourd","Parwal|Potol","vegetable","Gourds & fruit vegetables","RAW","20","1.4","4.2","0.2","2","REFERENCE","true","true","true","Reference only — verify authoritative source before production"
"BATCH0_38","Ivy gourd","Tindora|Kundru|Tendli","vegetable","Gourds & fruit vegetables","RAW","18","1.2","3.9","0.1","1.6","REFERENCE","true","true","true","Reference only — verify authoritative source before production"
"BATCH0_39","Round gourd","Tinda","vegetable","Gourds & fruit vegetables","RAW","21","1.4","3.4","0.2","1.3","REFERENCE","true","true","true","Reference only — verify authoritative source before production"
"BATCH0_40","Spine gourd","Kantola|Kakora","vegetable","Gourds & fruit vegetables","RAW","30","3.1","5.7","0.3","3","REFERENCE","true","true","true","Reference only — verify authoritative source before production"
"BATCH0_41","Chayote","Chow chow","vegetable","Gourds & fruit vegetables","RAW","19","0.8","4.5","0.1","1.7","GOVERNED","false","false","false","Reference only — verify authoritative source before production"
"BATCH0_42","Cucumber","Kheera","vegetable","Gourds & fruit vegetables","RAW","15","0.7","3.6","0.1","0.5","GOVERNED","false","false","false","Reference only — verify authoritative source before production"
"BATCH0_43","Yellow cucumber","Dosakaya","vegetable","Gourds & fruit vegetables","RAW","18","0.7","4","0.1","0.8","REFERENCE","true","true","true","Reference only — verify authoritative source before production"
"BATCH0_44","Zucchini","Courgette","vegetable","Gourds & fruit vegetables","RAW","17","1.2","3.1","0.3","1","GOVERNED","false","false","false","Reference only — verify authoritative source before production"
"BATCH0_45","Tomato","Tamatar","vegetable","Gourds & fruit vegetables","RAW","18","0.9","3.9","0.2","1.2","GOVERNED","false","false","false","Reference only — verify authoritative source before production"
"BATCH0_46","Cherry tomato","Cherry tomato","vegetable","Gourds & fruit vegetables","RAW","18","0.9","3.9","0.2","1.2","GOVERNED","false","false","false","Reference only — verify authoritative source before production"
"BATCH0_47","Brinjal, purple","Baingan|Vangi","vegetable","Gourds & fruit vegetables","RAW","25","1","5.9","0.2","3","GOVERNED","false","false","false","Reference only — verify authoritative source before production"
"BATCH0_48","Brinjal, long","Long eggplant","vegetable","Gourds & fruit vegetables","RAW","25","1","5.9","0.2","3","GOVERNED","false","false","false","Reference only — verify authoritative source before production"
"BATCH0_49","Brinjal, green","Green brinjal","vegetable","Gourds & fruit vegetables","RAW","24","1","5.7","0.2","3","GOVERNED","false","false","false","Reference only — verify authoritative source before production"
"BATCH0_50","Okra","Bhindi|Lady finger","vegetable","Gourds & fruit vegetables","RAW","33","1.9","7.5","0.2","3.2","GOVERNED","false","false","false","Reference only — verify authoritative source before production"
"BATCH0_51","Capsicum, green","Shimla mirch","vegetable","Gourds & fruit vegetables","RAW","20","0.9","4.6","0.2","1.7","GOVERNED","false","false","false","Reference only — verify authoritative source before production"
"BATCH0_52","Capsicum, red","Red bell pepper","vegetable","Gourds & fruit vegetables","RAW","31","1","6","0.3","2.1","GOVERNED","false","false","false","Reference only — verify authoritative source before production"
"BATCH0_53","Capsicum, yellow","Yellow bell pepper","vegetable","Gourds & fruit vegetables","RAW","27","1","6.3","0.2","0.9","GOVERNED","false","false","false","Reference only — verify authoritative source before production"
"BATCH0_54","Green chilli","Hari mirch","vegetable","Gourds & fruit vegetables","RAW","40","2","9","0.2","1.5","GOVERNED","false","false","false","Reference only — verify authoritative source before production"
"BATCH0_55","Raw papaya","Kaccha papita","vegetable","Gourds & fruit vegetables","RAW","43","0.5","10.8","0.3","1.7","GOVERNED","false","false","false","Reference only — verify authoritative source before production"
"BATCH0_56","Raw banana","Kaccha kela|Plantain","vegetable","Gourds & fruit vegetables","RAW","122","1.3","31.9","0.4","2.3","GOVERNED","false","false","false","Reference only — verify authoritative source before production"
"BATCH0_57","Raw jackfruit","Kathal","vegetable","Gourds & fruit vegetables","RAW","95","1.7","23.3","0.6","1.5","GOVERNED","false","false","false","Reference only — verify authoritative source before production"
"BATCH0_58","Breadfruit","Breadfruit","vegetable","Gourds & fruit vegetables","RAW","103","1.1","27.1","0.2","4.9","GOVERNED","false","false","false","Reference only — verify authoritative source before production"
"BATCH0_59","Drumstick pods","Moringa|Sahjan","vegetable","Gourds & fruit vegetables","RAW","37","2.1","8.5","0.2","3.2","GOVERNED","false","false","false","Reference only — verify authoritative source before production"
"BATCH0_60","Potato","Aloo","vegetable","Roots, tubers & bulbs","RAW","77","2","17.5","0.1","2.2","GOVERNED","false","false","false","Reference only — verify authoritative source before production"
"BATCH0_61","Sweet potato","Shakarkand","vegetable","Roots, tubers & bulbs","RAW","86","1.6","20.1","0.1","3","GOVERNED","false","false","false","Reference only — verify authoritative source before production"
"BATCH0_62","Carrot","Gajar","vegetable","Roots, tubers & bulbs","RAW","41","0.9","9.6","0.2","2.8","GOVERNED","false","false","false","Reference only — verify authoritative source before production"
"BATCH0_63","Radish","Mooli","vegetable","Roots, tubers & bulbs","RAW","16","0.7","3.4","0.1","1.6","GOVERNED","false","false","false","Reference only — verify authoritative source before production"
"BATCH0_64","Beetroot","Chukandar","vegetable","Roots, tubers & bulbs","RAW","43","1.6","9.6","0.2","2.8","REFERENCE","true","true","true","Reference only — verify authoritative source before production"
"BATCH0_65","Turnip","Shalgam","vegetable","Roots, tubers & bulbs","RAW","28","0.9","6.4","0.1","1.8","GOVERNED","false","false","false","Reference only — verify authoritative source before production"
"BATCH0_66","Elephant foot yam","Suran|Jimikand","vegetable","Roots, tubers & bulbs","RAW","118","1.5","27.9","0.2","4.1","REFERENCE","true","true","true","Reference only — verify authoritative source before production"
"BATCH0_67","Colocasia root","Arbi|Taro","vegetable","Roots, tubers & bulbs","RAW","112","1.5","26.5","0.2","4.1","GOVERNED","false","false","false","Reference only — verify authoritative source before production"
"BATCH0_68","Purple yam","Ratalu|Kand","vegetable","Roots, tubers & bulbs","RAW","118","1.5","27.9","0.2","4.1","REFERENCE","true","true","true","Reference only — verify authoritative source before production"
"BATCH0_69","Cassava","Tapioca|Kappa","vegetable","Roots, tubers & bulbs","RAW","160","1.4","38.1","0.3","1.8","GOVERNED","false","false","false","Reference only — verify authoritative source before production"
"BATCH0_70","Chinese potato","Koorka","vegetable","Roots, tubers & bulbs","RAW","97","1.7","22","0.2","2","REFERENCE","true","true","true","Reference only — verify authoritative source before production"
"BATCH0_71","Lotus root","Kamal kakdi","vegetable","Roots, tubers & bulbs","RAW","74","2.6","17.2","0.1","4.9","GOVERNED","false","false","false","Reference only — verify authoritative source before production"
"BATCH0_72","Onion, red","Pyaz","vegetable","Roots, tubers & bulbs","RAW","40","1.1","9.3","0.1","1.7","REFERENCE","true","true","true","Reference only — verify authoritative source before production"
"BATCH0_73","Onion, white","White onion","vegetable","Roots, tubers & bulbs","RAW","40","1.1","9.3","0.1","1.7","REFERENCE","true","true","true","Reference only — verify authoritative source before production"
"BATCH0_74","Shallots","Small onion|Sambar onion","vegetable","Roots, tubers & bulbs","RAW","72","2.5","16.8","0.1","3.2","GOVERNED","false","false","false","Reference only — verify authoritative source before production"
"BATCH0_75","Garlic","Lahsun","vegetable","Roots, tubers & bulbs","RAW","149","6.4","33.1","0.5","2.1","REFERENCE","true","true","true","Reference only — verify authoritative source before production"
"BATCH0_76","Ginger","Adrak","vegetable","Roots, tubers & bulbs","RAW","80","1.8","17.8","0.8","2","REFERENCE","true","true","true","Reference only — verify authoritative source before production"
"BATCH0_77","Fresh turmeric","Kacchi haldi","vegetable","Roots, tubers & bulbs","RAW","50","1.8","10","0.7","2","REFERENCE","true","true","true","Reference only — verify authoritative source before production"
"BATCH0_78","Kohlrabi","Ganth gobhi|Knol-khol","vegetable","Roots, tubers & bulbs","RAW","27","1.7","6.2","0.1","3.6","GOVERNED","false","false","false","Reference only — verify authoritative source before production"
"BATCH0_79","Cauliflower","Phool gobhi","vegetable","Beans, flowers, stems & mushrooms","RAW","25","1.9","5","0.3","2","GOVERNED","false","false","false","Reference only — verify authoritative source before production"
"BATCH0_80","Cabbage, green","Patta gobhi","vegetable","Beans, flowers, stems & mushrooms","RAW","25","1.3","5.8","0.1","2.5","GOVERNED","false","false","false","Reference only — verify authoritative source before production"
"BATCH0_81","Cabbage, red","Red cabbage","vegetable","Beans, flowers, stems & mushrooms","RAW","31","1.4","7.4","0.2","2.1","GOVERNED","false","false","false","Reference only — verify authoritative source before production"
"BATCH0_82","Broccoli","Broccoli","vegetable","Beans, flowers, stems & mushrooms","RAW","34","2.8","6.6","0.4","2.6","GOVERNED","false","false","false","Reference only — verify authoritative source before production"
"BATCH0_83","Brussels sprouts","Brussels sprouts","vegetable","Beans, flowers, stems & mushrooms","RAW","43","3.4","9","0.3","3.8","GOVERNED","false","false","false","Reference only — verify authoritative source before production"
"BATCH0_84","Green peas","Matar","vegetable","Beans, flowers, stems & mushrooms","RAW","81","5.4","14.5","0.4","5.1","GOVERNED","false","false","false","Reference only — verify authoritative source before production"
"BATCH0_85","French beans","Green beans","vegetable","Beans, flowers, stems & mushrooms","RAW","31","1.8","7","0.2","2.7","REFERENCE","true","true","true","Reference only — verify authoritative source before production"
"BATCH0_86","Cluster beans","Gawar|Guar","vegetable","Beans, flowers, stems & mushrooms","RAW","35","3.2","5.3","0.4","3.7","REFERENCE","true","true","true","Reference only — verify authoritative source before production"
"BATCH0_87","Yardlong beans","Chawli pods|Borboti","vegetable","Beans, flowers, stems & mushrooms","RAW","47","2.8","8.4","0.4","3.6","GOVERNED","false","false","false","Reference only — verify authoritative source before production"
"BATCH0_88","Hyacinth beans","Sem|Valor|Avarekalu","vegetable","Beans, flowers, stems & mushrooms","RAW","49","3","9.2","0.3","3.5","GOVERNED","false","false","false","Reference only — verify authoritative source before production"
"BATCH0_89","Broad beans","Fava beans|fresh","vegetable","Beans, flowers, stems & mushrooms","RAW","88","7.9","17.6","0.7","5.4","GOVERNED","false","false","false","Reference only — verify authoritative source before production"
"BATCH0_90","Cowpea pods","Chawli green pods","vegetable","Beans, flowers, stems & mushrooms","RAW","44","3","8","0.3","3","GOVERNED","false","false","false","Reference only — verify authoritative source before production"
"BATCH0_91","Snow peas","Snow peas","vegetable","Beans, flowers, stems & mushrooms","RAW","42","2.8","7.6","0.2","2.6","GOVERNED","false","false","false","Reference only — verify authoritative source before production"
"BATCH0_92","Fresh pigeon peas","Tuvar lilva","vegetable","Beans, flowers, stems & mushrooms","RAW","136","7.2","23.9","1.6","5","GOVERNED","false","false","false","Reference only — verify authoritative source before production"
"BATCH0_93","Fresh chickpeas","Hara chana","vegetable","Beans, flowers, stems & mushrooms","RAW","164","8.9","27.4","2.6","7.6","REFERENCE","true","true","true","Reference only — verify authoritative source before production"
"BATCH0_94","Banana flower","Kele ka phool","vegetable","Beans, flowers, stems & mushrooms","RAW","51","1.6","9.9","0.6","5.7","REFERENCE","true","true","true","Reference only — verify authoritative source before production"
"BATCH0_95","Banana stem","Kele ka tana","vegetable","Beans, flowers, stems & mushrooms","RAW","43","1","10","0.2","2","REFERENCE","true","true","true","Reference only — verify authoritative source before production"
"BATCH0_96","Bamboo shoots","Bans ke kope","vegetable","Beans, flowers, stems & mushrooms","RAW","27","2.6","5.2","0.3","2.2","GOVERNED","false","false","false","Reference only — verify authoritative source before production"
"BATCH0_97","Asparagus","Asparagus","vegetable","Beans, flowers, stems & mushrooms","RAW","20","2.2","3.9","0.1","2.1","GOVERNED","false","false","false","Reference only — verify authoritative source before production"
"BATCH0_98","Button mushroom","Mushroom","vegetable","Beans, flowers, stems & mushrooms","RAW","22","3.1","3.3","0.3","1","GOVERNED","false","false","false","Reference only — verify authoritative source before production"
"BATCH0_99","Oyster mushroom","Dhingri","vegetable","Beans, flowers, stems & mushrooms","RAW","33","3.3","6.1","0.4","2.3","GOVERNED","false","false","false","Reference only — verify authoritative source before production"
"BATCH0_100","Milky mushroom","Milky mushroom","vegetable","Beans, flowers, stems & mushrooms","RAW","35","3.6","6","0.5","2.2","REFERENCE","true","true","true","Reference only — verify authoritative source before production"
"BATCH0_101","Shiitake mushroom","Shiitake","vegetable","Beans, flowers, stems & mushrooms","RAW","34","2.2","6.8","0.5","2.5","GOVERNED","false","false","false","Reference only — verify authoritative source before production"
"BATCH0_102","Apple","Seb","fruit","Fresh & dried fruits","RAW","52","0.3","13.8","0.2","2.4","GOVERNED","false","false","false","Reference only — verify authoritative source before production"
"BATCH0_103","Banana","Kela","fruit","Fresh & dried fruits","RAW","89","1.1","22.8","0.3","2.6","GOVERNED","false","false","false","Reference only — verify authoritative source before production"
"BATCH0_104","Mango","Aam","fruit","Fresh & dried fruits","RAW","60","0.8","15","0.4","1.6","GOVERNED","false","false","false","Reference only — verify authoritative source before production"
"BATCH0_105","Orange","Santra","fruit","Fresh & dried fruits","RAW","47","0.9","11.8","0.1","2.4","GOVERNED","false","false","false","Reference only — verify authoritative source before production"
"BATCH0_106","Mosambi","Sweet lime","fruit","Fresh & dried fruits","RAW","43","0.8","9.3","0.3","2.8","REFERENCE","true","true","true","Reference only — verify authoritative source before production"
"BATCH0_107","Papaya","Papita","fruit","Fresh & dried fruits","RAW","43","0.5","10.8","0.3","1.7","GOVERNED","false","false","false","Reference only — verify authoritative source before production"
"BATCH0_108","Guava","Amrood|Peru","fruit","Fresh & dried fruits","RAW","68","2.6","14.3","1","5.4","GOVERNED","false","false","false","Reference only — verify authoritative source before production"
"BATCH0_109","Pomegranate","Anar","fruit","Fresh & dried fruits","RAW","83","1.7","18.7","1.2","4","GOVERNED","false","false","false","Reference only — verify authoritative source before production"
"BATCH0_110","Watermelon","Tarbooz","fruit","Fresh & dried fruits","RAW","30","0.6","7.6","0.2","0.4","GOVERNED","false","false","false","Reference only — verify authoritative source before production"
"BATCH0_111","Muskmelon","Kharbooja","fruit","Fresh & dried fruits","RAW","34","0.8","8.2","0.2","0.9","REFERENCE","true","true","true","Reference only — verify authoritative source before production"
"BATCH0_112","Pineapple","Ananas","fruit","Fresh & dried fruits","RAW","50","0.5","13.1","0.1","1.4","GOVERNED","false","false","false","Reference only — verify authoritative source before production"
"BATCH0_113","Grapes","Angoor","fruit","Fresh & dried fruits","RAW","69","0.7","18.1","0.2","0.9","GOVERNED","false","false","false","Reference only — verify authoritative source before production"
"BATCH0_114","Pear","Nashpati","fruit","Fresh & dried fruits","RAW","57","0.4","15.2","0.1","3.1","GOVERNED","false","false","false","Reference only — verify authoritative source before production"
"BATCH0_115","Chikoo","Sapota|Sapodilla","fruit","Fresh & dried fruits","RAW","83","0.4","20","1.1","5.3","REFERENCE","true","true","true","Reference only — verify authoritative source before production"
"BATCH0_116","Custard apple","Sitaphal","fruit","Fresh & dried fruits","RAW","94","2.1","23.6","0.3","4.4","GOVERNED","false","false","false","Reference only — verify authoritative source before production"
"BATCH0_117","Jamun","Indian blackberry","fruit","Fresh & dried fruits","RAW","60","0.7","14","0.2","0.6","REFERENCE","true","true","true","Reference only — verify authoritative source before production"
"BATCH0_118","Litchi","Lychee","fruit","Fresh & dried fruits","RAW","66","0.8","16.5","0.4","1.3","GOVERNED","false","false","false","Reference only — verify authoritative source before production"
"BATCH0_119","Dragon fruit","Pitaya","fruit","Fresh & dried fruits","RAW","57","1.2","13","0.1","3","REFERENCE","true","true","true","Reference only — verify authoritative source before production"
"BATCH0_120","Kiwi","Kiwi","fruit","Fresh & dried fruits","RAW","61","1.1","14.7","0.5","3","GOVERNED","false","false","false","Reference only — verify authoritative source before production"
"BATCH0_121","Strawberry","Strawberry","fruit","Fresh & dried fruits","RAW","32","0.7","7.7","0.3","2","GOVERNED","false","false","false","Reference only — verify authoritative source before production"
"BATCH0_122","Blueberry","Blueberry","fruit","Fresh & dried fruits","RAW","57","0.7","14.5","0.3","2.4","GOVERNED","false","false","false","Reference only — verify authoritative source before production"
"BATCH0_123","Peach","Aadoo","fruit","Fresh & dried fruits","RAW","39","0.9","9.5","0.3","1.5","GOVERNED","false","false","false","Reference only — verify authoritative source before production"
"BATCH0_124","Plum","Aloo bukhara","fruit","Fresh & dried fruits","RAW","46","0.7","11.4","0.3","1.4","GOVERNED","false","false","false","Reference only — verify authoritative source before production"
"BATCH0_125","Apricot","Khubani","fruit","Fresh & dried fruits","RAW","48","1.4","11.1","0.4","2","GOVERNED","false","false","false","Reference only — verify authoritative source before production"
"BATCH0_126","Fig, fresh","Anjeer","fruit","Fresh & dried fruits","RAW","74","0.8","19.2","0.3","2.9","GOVERNED","false","false","false","Reference only — verify authoritative source before production"
"BATCH0_127","Dates, dried","Khajur","fruit","Fresh & dried fruits","DRIED","282","2.5","75","0.4","8","GOVERNED","false","false","false","Reference only — verify authoritative source before production"
"BATCH0_128","Raisins","Kishmish","fruit","Fresh & dried fruits","DRIED","299","3.1","79.2","0.5","3.7","GOVERNED","false","false","false","Reference only — verify authoritative source before production"
"BATCH0_129","Coconut meat","Nariyal","fruit","Fresh & dried fruits","RAW","354","3.3","15.2","33.5","9","GOVERNED","false","false","false","Reference only — verify authoritative source before production"
"BATCH0_130","Tender coconut water","Nariyal pani","fruit","Fresh & dried fruits","READY_TO_DRINK","19","0.7","3.7","0.2","1.1","GOVERNED","false","false","false","Reference only — verify authoritative source before production"
"BATCH0_131","Amla","Indian gooseberry","fruit","Fresh & dried fruits","RAW","44","0.9","10.2","0.6","4.3","REFERENCE","true","true","true","Reference only — verify authoritative source before production"
"BATCH0_132","Star fruit","Kamrakh","fruit","Fresh & dried fruits","RAW","31","1","6.7","0.3","2.8","GOVERNED","false","false","false","Reference only — verify authoritative source before production"
"BATCH0_133","Jackfruit, ripe","Kathal","fruit","Fresh & dried fruits","RAW","95","1.7","23.2","0.6","1.5","REFERENCE","true","true","true","Reference only — verify authoritative source before production"
"BATCH0_134","Avocado","Butter fruit","fruit","Fresh & dried fruits","RAW","160","2","8.5","14.7","6.7","GOVERNED","false","false","false","Reference only — verify authoritative source before production"
"BATCH0_135","Rice, white","Chawal","grain","Whole grains & grain products","RAW_DRY","365","7.1","80","0.7","1.3","REFERENCE","true","true","true","Reference only — verify authoritative source before production"
"BATCH0_136","Rice, brown","Brown rice","grain","Whole grains & grain products","RAW_DRY","370","7.9","77.2","2.9","3.5","GOVERNED","false","false","false","Reference only — verify authoritative source before production"
"BATCH0_137","Basmati rice","Basmati","grain","Whole grains & grain products","RAW_DRY","365","7.5","79","0.8","1","REFERENCE","true","true","true","Reference only — verify authoritative source before production"
"BATCH0_138","Parboiled rice","Ukda rice","grain","Whole grains & grain products","RAW_DRY","374","7.5","81","1","1.8","REFERENCE","true","true","true","Reference only — verify authoritative source before production"
"BATCH0_139","Red rice","Lal chawal","grain","Whole grains & grain products","RAW_DRY","360","7.5","76","2.7","3","REFERENCE","true","true","true","Reference only — verify authoritative source before production"
"BATCH0_140","Black rice","Black rice","grain","Whole grains & grain products","RAW_DRY","356","8.9","75.6","3.3","4.9","REFERENCE","true","true","true","Reference only — verify authoritative source before production"
"BATCH0_141","Flattened rice","Poha|Aval|Chivda","grain","Whole grains & grain products","DRY_UNCOOKED","350","6.7","76.9","1","1.5","REFERENCE","true","true","true","Reference only — verify authoritative source before production"
"BATCH0_142","Puffed rice","Murmura|Kurmura","grain","Whole grains & grain products","DRY","402","6.3","90","0.5","1.7","REFERENCE","true","true","true","Reference only — verify authoritative source before production"
"BATCH0_143","Wheat whole grain","Gehu","grain","Whole grains & grain products","RAW_DRY","340","13.2","72","2.5","10.7","REFERENCE","true","true","true","Reference only — verify authoritative source before production"
"BATCH0_144","Whole wheat flour","Atta","grain","Whole grains & grain products","DRY","340","13.2","72","2.5","10.7","GOVERNED","false","false","false","Reference only — verify authoritative source before production"
"BATCH0_145","Refined wheat flour","Maida","grain","Whole grains & grain products","DRY","364","10.3","76.3","1","2.7","REFERENCE","true","true","true","Reference only — verify authoritative source before production"
"BATCH0_146","Semolina","Sooji|Rava","grain","Whole grains & grain products","DRY","360","12.7","72.8","1.1","3.9","REFERENCE","true","true","true","Reference only — verify authoritative source before production"
"BATCH0_147","Broken wheat","Dalia","grain","Whole grains & grain products","DRY","342","12","72","1.5","10","REFERENCE","true","true","true","Reference only — verify authoritative source before production"
"BATCH0_148","Barley","Jau","grain","Whole grains & grain products","RAW_DRY","354","12.5","73.5","2.3","17.3","REFERENCE","true","true","true","Reference only — verify authoritative source before production"
"BATCH0_149","Pearl millet","Bajra","grain","Whole grains & grain products","RAW_DRY","378","11","72.9","4.2","8.5","REFERENCE","true","true","true","Reference only — verify authoritative source before production"
"BATCH0_150","Sorghum","Jowar","grain","Whole grains & grain products","RAW_DRY","329","10.6","72.1","3.5","6.7","REFERENCE","true","true","true","Reference only — verify authoritative source before production"
"BATCH0_151","Finger millet","Ragi|Nachni","grain","Whole grains & grain products","RAW_DRY","336","7.3","72","1.3","11.5","REFERENCE","true","true","true","Reference only — verify authoritative source before production"
"BATCH0_152","Foxtail millet","Kangni|Thinai","grain","Whole grains & grain products","RAW_DRY","351","12.3","60.9","4.3","8","REFERENCE","true","true","true","Reference only — verify authoritative source before production"
"BATCH0_153","Little millet","Kutki|Samai","grain","Whole grains & grain products","RAW_DRY","341","9.7","67","4.7","7.6","REFERENCE","true","true","true","Reference only — verify authoritative source before production"
"BATCH0_154","Kodo millet","Kodo","grain","Whole grains & grain products","RAW_DRY","353","8.3","65.9","3.6","9","REFERENCE","true","true","true","Reference only — verify authoritative source before production"
"BATCH0_155","Barnyard millet","Sama|Sanwa|Jhangora","grain","Whole grains & grain products","RAW_DRY","342","11.2","65.5","3.9","10.1","REFERENCE","true","true","true","Reference only — verify authoritative source before production"
"BATCH0_156","Proso millet","Cheena","grain","Whole grains & grain products","RAW_DRY","378","11","73","4.2","8.5","REFERENCE","true","true","true","Reference only — verify authoritative source before production"
"BATCH0_157","Amaranth grain","Rajgira","grain","Whole grains & grain products","RAW_DRY","371","13.6","65.3","7","6.7","REFERENCE","true","true","true","Reference only — verify authoritative source before production"
"BATCH0_158","Quinoa","Quinoa","grain","Whole grains & grain products","RAW_DRY","368","14.1","64.2","6.1","7","REFERENCE","true","true","true","Reference only — verify authoritative source before production"
"BATCH0_159","Oats","Oats","grain","Whole grains & grain products","RAW_DRY","389","16.9","66.3","6.9","10.6","GOVERNED","false","false","false","Reference only — verify authoritative source before production"
"BATCH0_160","Corn maize","Makka","grain","Whole grains & grain products","RAW_DRY","365","9.4","74.3","4.7","7.3","REFERENCE","true","true","true","Reference only — verify authoritative source before production"
"BATCH0_161","Cornmeal","Makka atta","grain","Whole grains & grain products","DRY","370","8.1","79.4","1.8","4.6","REFERENCE","true","true","true","Reference only — verify authoritative source before production"
"BATCH0_162","Chickpeas, kabuli","Kabuli chana","pulse","Dry pulses, dals & beans","DRY_RAW","364","19.3","60.7","6","17.4","REFERENCE","true","true","true","Reference only — verify authoritative source before production"
"BATCH0_163","Chickpeas, desi","Kala chana","pulse","Dry pulses, dals & beans","DRY_RAW","360","20.5","60","5","17","REFERENCE","true","true","true","Reference only — verify authoritative source before production"
"BATCH0_164","Green gram, whole","Sabut moong","pulse","Dry pulses, dals & beans","DRY_RAW","347","23.9","62.6","1.2","16.3","REFERENCE","true","true","true","Reference only — verify authoritative source before production"
"BATCH0_165","Moong dal, split hulled yellow","Moong dal","pulse","Dry pulses, dals & beans","DRY_RAW","347","24","62","1.2","16","REFERENCE","true","true","true","Reference only — verify authoritative source before production"
"BATCH0_166","Black gram, whole","Sabut urad","pulse","Dry pulses, dals & beans","DRY_RAW","341","25.2","58.9","1.6","18.3","REFERENCE","true","true","true","Reference only — verify authoritative source before production"
"BATCH0_167","Urad dal, split","Urad dal","pulse","Dry pulses, dals & beans","DRY_RAW","341","25.2","58.9","1.6","18.3","REFERENCE","true","true","true","Reference only — verify authoritative source before production"
"BATCH0_168","Pigeon pea","Toor|Arhar dal","pulse","Dry pulses, dals & beans","DRY_RAW","343","22.9","62.8","1.5","15","REFERENCE","true","true","true","Reference only — verify authoritative source before production"
"BATCH0_169","Masoor dal, red","Red lentil","pulse","Dry pulses, dals & beans","DRY_RAW","352","24.6","63.4","1.1","10.7","REFERENCE","true","true","true","Reference only — verify authoritative source before production"
"BATCH0_170","Masoor, whole","Whole lentil","pulse","Dry pulses, dals & beans","DRY_RAW","352","24.6","63.4","1.1","10.7","REFERENCE","true","true","true","Reference only — verify authoritative source before production"
"BATCH0_171","Bengal gram dal","Chana dal","pulse","Dry pulses, dals & beans","DRY_RAW","364","20.8","60.7","5.6","12.2","REFERENCE","true","true","true","Reference only — verify authoritative source before production"
"BATCH0_172","Moth beans","Matki","pulse","Dry pulses, dals & beans","DRY_RAW","343","22.9","61.5","1.6","12","REFERENCE","true","true","true","Reference only — verify authoritative source before production"
"BATCH0_173","Cowpeas","Lobia|Chawli","pulse","Dry pulses, dals & beans","DRY_RAW","336","23.5","60","1.3","10.6","REFERENCE","true","true","true","Reference only — verify authoritative source before production"
"BATCH0_174","Kidney beans, red","Rajma","pulse","Dry pulses, dals & beans","DRY_RAW","333","23.6","60","0.8","24.9","REFERENCE","true","true","true","Reference only — verify authoritative source before production"
"BATCH0_175","Kidney beans, light","Chitra rajma","pulse","Dry pulses, dals & beans","DRY_RAW","333","23.6","60","0.8","24.9","REFERENCE","true","true","true","Reference only — verify authoritative source before production"
"BATCH0_176","Black-eyed peas","Lobia","pulse","Dry pulses, dals & beans","DRY_RAW","336","23.5","60","1.3","10.6","REFERENCE","true","true","true","Reference only — verify authoritative source before production"
"BATCH0_177","Horse gram","Kulthi","pulse","Dry pulses, dals & beans","DRY_RAW","321","22","57","0.5","5.3","REFERENCE","true","true","true","Reference only — verify authoritative source before production"
"BATCH0_178","Field beans","Val|Avarekalu|dry","pulse","Dry pulses, dals & beans","DRY_RAW","344","24.9","60","1.7","14","REFERENCE","true","true","true","Reference only — verify authoritative source before production"
"BATCH0_179","Dry peas, green","Sukha matar","pulse","Dry pulses, dals & beans","DRY_RAW","352","23.8","63.7","1.2","25.5","REFERENCE","true","true","true","Reference only — verify authoritative source before production"
"BATCH0_180","Dry peas, yellow","Yellow peas","pulse","Dry pulses, dals & beans","DRY_RAW","352","23.8","63.7","1.2","25.5","REFERENCE","true","true","true","Reference only — verify authoritative source before production"
"BATCH0_181","Soybeans","Soyabean","pulse","Dry pulses, dals & beans","DRY_RAW","446","36.5","30.2","19.9","9.3","REFERENCE","true","true","true","Reference only — verify authoritative source before production"
"BATCH0_182","Edamame","Green soybean","pulse","Dry pulses, dals & beans","COOKED","121","11.9","8.9","5.2","5.2","REFERENCE","true","true","true","Reference only — verify authoritative source before production"
"BATCH0_183","Chapati / roti, whole wheat","Roti|Phulka","bread","Indian breads & bakery staples","COOKED","297","9.7","55.7","4.2","7","REFERENCE","true","true","true","Reference only — verify authoritative source before production"
"BATCH0_184","Paratha, plain","Plain paratha","bread","Indian breads & bakery staples","COOKED","326","8","45","13","4","REFERENCE","true","true","true","Reference only — verify authoritative source before production"
"BATCH0_185","Naan, plain","Naan","bread","Indian breads & bakery staples","COOKED","290","9","50","6","2.5","REFERENCE","true","true","true","Reference only — verify authoritative source before production"
"BATCH0_186","Tandoori roti","Tandoori roti","bread","Indian breads & bakery staples","COOKED","270","9","52","3","5","REFERENCE","true","true","true","Reference only — verify authoritative source before production"
"BATCH0_187","Roomali roti","Rumali roti","bread","Indian breads & bakery staples","COOKED","286","8.5","55","3.5","2.5","REFERENCE","true","true","true","Reference only — verify authoritative source before production"
"BATCH0_188","Bhakri, jowar","Jowar bhakri","bread","Indian breads & bakery staples","COOKED","240","7","48","2.5","5","REFERENCE","true","true","true","Reference only — verify authoritative source before production"
"BATCH0_189","Bhakri, bajra","Bajra bhakri","bread","Indian breads & bakery staples","COOKED","250","7.5","45","5","6","REFERENCE","true","true","true","Reference only — verify authoritative source before production"
"BATCH0_190","Ragi roti","Nachni roti","bread","Indian breads & bakery staples","COOKED","230","6","48","2","7","REFERENCE","true","true","true","Reference only — verify authoritative source before production"
"BATCH0_191","White bread","Bread","bread","Indian breads & bakery staples","READY_TO_EAT","266","8.9","49.4","3.3","2.7","REFERENCE","true","true","true","Reference only — verify authoritative source before production"
"BATCH0_192","Whole wheat bread","Brown bread","bread","Indian breads & bakery staples","READY_TO_EAT","247","13","41","4.2","6","REFERENCE","true","true","true","Reference only — verify authoritative source before production"
"BATCH0_193","Multigrain bread","Multigrain bread","bread","Indian breads & bakery staples","READY_TO_EAT","250","10","43","4","6","REFERENCE","true","true","true","Reference only — verify authoritative source before production"
"BATCH0_194","Pav","Ladi pav","bread","Indian breads & bakery staples","READY_TO_EAT","300","9","52","6","2.5","REFERENCE","true","true","true","Reference only — verify authoritative source before production"
"BATCH0_195","Bread bun","Burger bun","bread","Indian breads & bakery staples","READY_TO_EAT","279","9","50","5","2.5","REFERENCE","true","true","true","Reference only — verify authoritative source before production"
"BATCH0_196","Pita bread","Pita","bread","Indian breads & bakery staples","READY_TO_EAT","275","9.1","55.7","1.2","2.2","REFERENCE","true","true","true","Reference only — verify authoritative source before production"
"BATCH0_197","Khakhra, plain","Khakhra","bread","Indian breads & bakery staples","READY_TO_EAT","400","12","65","10","8","REFERENCE","true","true","true","Reference only — verify authoritative source before production"
"BATCH0_198","Cow milk, whole","Doodh","dairy","Milk & dairy products","LIQUID","61","3.2","4.8","3.3","0","REFERENCE","true","true","true","Reference only — verify authoritative source before production"
"BATCH0_199","Buffalo milk","Bhains ka doodh","dairy","Milk & dairy products","LIQUID","97","3.8","5.2","6.9","0","REFERENCE","true","true","true","Reference only — verify authoritative source before production"
"BATCH0_200","Toned milk","Toned milk","dairy","Milk & dairy products","LIQUID","58","3.1","4.8","3","0","REFERENCE","true","true","true","Reference only — verify authoritative source before production"
"BATCH0_201","Double toned milk","Double toned milk","dairy","Milk & dairy products","LIQUID","46","3.1","4.8","1.5","0","REFERENCE","true","true","true","Reference only — verify authoritative source before production"
"BATCH0_202","Skim milk","Skimmed milk","dairy","Milk & dairy products","LIQUID","34","3.4","5","0.1","0","REFERENCE","true","true","true","Reference only — verify authoritative source before production"
"BATCH0_203","Curd, whole milk","Dahi","dairy","Milk & dairy products","READY_TO_EAT","61","3.5","4.7","3.3","0","REFERENCE","true","true","true","Reference only — verify authoritative source before production"
"BATCH0_204","Hung curd","Chakka|Greek-style curd","dairy","Milk & dairy products","READY_TO_EAT","95","9","4","5","0","REFERENCE","true","true","true","Reference only — verify authoritative source before production"
"BATCH0_205","Buttermilk","Chaas","dairy","Milk & dairy products","READY_TO_DRINK","40","3.3","4.8","1","0","REFERENCE","true","true","true","Reference only — verify authoritative source before production"
"BATCH0_206","Paneer","Cottage cheese","dairy","Milk & dairy products","READY_TO_EAT","265","18.3","1.2","20.8","0","REFERENCE","true","true","true","Reference only — verify authoritative source before production"
"BATCH0_207","Low-fat paneer","Low-fat cottage cheese","dairy","Milk & dairy products","READY_TO_EAT","145","20","4","5","0","REFERENCE","true","true","true","Reference only — verify authoritative source before production"
"BATCH0_208","Cheddar cheese","Cheddar","dairy","Milk & dairy products","READY_TO_EAT","403","24.9","1.3","33.1","0","REFERENCE","true","true","true","Reference only — verify authoritative source before production"
"BATCH0_209","Mozzarella","Mozzarella","dairy","Milk & dairy products","READY_TO_EAT","280","28","3.1","17","0","REFERENCE","true","true","true","Reference only — verify authoritative source before production"
"BATCH0_210","Processed cheese","Cheese slice|block","dairy","Milk & dairy products","READY_TO_EAT","331","19","5","26","0","REFERENCE","true","true","true","Reference only — verify authoritative source before production"
"BATCH0_211","Khoya","Mawa","dairy","Milk & dairy products","READY_TO_USE","316","17","25","17","0","REFERENCE","true","true","true","Reference only — verify authoritative source before production"
"BATCH0_212","Milk powder, whole","Whole milk powder","dairy","Milk & dairy products","DRY","496","26.3","38.4","26.7","0","REFERENCE","true","true","true","Reference only — verify authoritative source before production"
"BATCH0_213","Milk powder, skim","Skim milk powder","dairy","Milk & dairy products","DRY","360","36","52","0.8","0","REFERENCE","true","true","true","Reference only — verify authoritative source before production"
"BATCH0_214","Chicken egg, whole","Anda","protein","Eggs & plant proteins","RAW","143","12.6","0.7","9.5","0","REFERENCE","true","true","true","Reference only — verify authoritative source before production"
"BATCH0_215","Chicken egg white","Egg white","protein","Eggs & plant proteins","RAW","52","10.9","0.7","0.2","0","REFERENCE","true","true","true","Reference only — verify authoritative source before production"
"BATCH0_216","Chicken egg yolk","Egg yolk","protein","Eggs & plant proteins","RAW","322","15.9","3.6","26.5","0","REFERENCE","true","true","true","Reference only — verify authoritative source before production"
"BATCH0_217","Duck egg","Batakh anda","protein","Eggs & plant proteins","RAW","185","12.8","1.5","13.8","0","REFERENCE","true","true","true","Reference only — verify authoritative source before production"
"BATCH0_218","Tofu, firm","Soy paneer","protein","Eggs & plant proteins","READY_TO_EAT","144","17.3","2.8","8.7","2.3","GOVERNED","false","false","false","Reference only — verify authoritative source before production"
"BATCH0_219","Tempeh","Tempeh","protein","Eggs & plant proteins","READY_TO_EAT","193","20.3","7.6","10.8","1.4","REFERENCE","true","true","true","Reference only — verify authoritative source before production"
"BATCH0_220","Soy chunks, dry","Soya nuggets","protein","Eggs & plant proteins","DRY","345","52","33","0.5","13","REFERENCE","true","true","true","Reference only — verify authoritative source before production"
"BATCH0_221","Soy granules, dry","Soya granules","protein","Eggs & plant proteins","DRY","345","52","33","0.5","13","REFERENCE","true","true","true","Reference only — verify authoritative source before production"
"BATCH0_222","Seitan","Wheat gluten","protein","Eggs & plant proteins","READY_TO_EAT","141","24.7","12.3","1.9","0.6","REFERENCE","true","true","true","Reference only — verify authoritative source before production"
"BATCH0_223","Chicken breast, skinless","Chicken breast","non-veg","Poultry & meat","RAW","120","22.5","0","2.6","0","REFERENCE","true","true","true","Reference only — verify authoritative source before production"
"BATCH0_224","Chicken thigh, skinless","Chicken thigh","non-veg","Poultry & meat","RAW","144","18.6","0","7.9","0","REFERENCE","true","true","true","Reference only — verify authoritative source before production"
"BATCH0_225","Chicken, whole meat with skin","Chicken","non-veg","Poultry & meat","RAW","215","18.6","0","15.1","0","REFERENCE","true","true","true","Reference only — verify authoritative source before production"
"BATCH0_226","Chicken liver","Chicken kaleji","non-veg","Poultry & meat","RAW","119","16.9","0.7","4.8","0","REFERENCE","true","true","true","Reference only — verify authoritative source before production"
"BATCH0_227","Mutton, goat lean","Bakra mutton","non-veg","Poultry & meat","RAW","143","20.6","0","6","0","REFERENCE","true","true","true","Reference only — verify authoritative source before production"
"BATCH0_228","Mutton, goat mixed cut","Goat meat","non-veg","Poultry & meat","RAW","170","19","0","10","0","REFERENCE","true","true","true","Reference only — verify authoritative source before production"
"BATCH0_229","Lamb, lean","Lamb","non-veg","Poultry & meat","RAW","165","20","0","9","0","REFERENCE","true","true","true","Reference only — verify authoritative source before production"
"BATCH0_230","Sheep mutton","Sheep meat","non-veg","Poultry & meat","RAW","203","18","0","14","0","REFERENCE","true","true","true","Reference only — verify authoritative source before production"
"BATCH0_231","Pork, lean loin","Pork","non-veg","Poultry & meat","RAW","143","21.4","0","5.7","0","REFERENCE","true","true","true","Reference only — verify authoritative source before production"
"BATCH0_232","Pork belly","Pork belly","non-veg","Poultry & meat","RAW","518","9.3","0","53","0","REFERENCE","true","true","true","Reference only — verify authoritative source before production"
"BATCH0_233","Buffalo meat, lean","Carabeef","non-veg","Poultry & meat","RAW","131","21","0","4.5","0","REFERENCE","true","true","true","Reference only — verify authoritative source before production"
"BATCH0_234","Turkey breast","Turkey","non-veg","Poultry & meat","RAW","114","23.7","0","1.5","0","REFERENCE","true","true","true","Reference only — verify authoritative source before production"
"BATCH0_235","Duck meat","Duck","non-veg","Poultry & meat","RAW","337","19","0","28.4","0","REFERENCE","true","true","true","Reference only — verify authoritative source before production"
"BATCH0_236","Rohu","Rui|Rohu","non-veg","Fish & seafood","RAW","97","17","0","3","0","REFERENCE","true","true","true","Reference only — verify authoritative source before production"
"BATCH0_237","Katla","Catla","non-veg","Fish & seafood","RAW","111","19","0","3.5","0","REFERENCE","true","true","true","Reference only — verify authoritative source before production"
"BATCH0_238","Hilsa","Ilish","non-veg","Fish & seafood","RAW","310","21.8","0","25","0","REFERENCE","true","true","true","Reference only — verify authoritative source before production"
"BATCH0_239","Pomfret, white","Paplet","non-veg","Fish & seafood","RAW","96","19","0","2","0","REFERENCE","true","true","true","Reference only — verify authoritative source before production"
"BATCH0_240","Pomfret, black","Halwa","non-veg","Fish & seafood","RAW","130","20","0","5","0","REFERENCE","true","true","true","Reference only — verify authoritative source before production"
"BATCH0_241","Kingfish / Seer","Surmai|Vanjaram","non-veg","Fish & seafood","RAW","125","21","0","4.5","0","REFERENCE","true","true","true","Reference only — verify authoritative source before production"
"BATCH0_242","Indian mackerel","Bangda|Ayala","non-veg","Fish & seafood","RAW","205","18.6","0","13.9","0","REFERENCE","true","true","true","Reference only — verify authoritative source before production"
"BATCH0_243","Indian salmon","Rawas","non-veg","Fish & seafood","RAW","146","21","0","6.5","0","REFERENCE","true","true","true","Reference only — verify authoritative source before production"
"BATCH0_244","Bombay duck","Bombil","non-veg","Fish & seafood","RAW","90","17","0","2","0","REFERENCE","true","true","true","Reference only — verify authoritative source before production"
"BATCH0_245","Sardine","Mathi|Tarli","non-veg","Fish & seafood","RAW","208","24.6","0","11.5","0","REFERENCE","true","true","true","Reference only — verify authoritative source before production"
"BATCH0_246","Anchovy","Nethili|Mandeli","non-veg","Fish & seafood","RAW","131","20.4","0","4.8","0","REFERENCE","true","true","true","Reference only — verify authoritative source before production"
"BATCH0_247","Tuna, yellowfin","Tuna","non-veg","Fish & seafood","RAW","109","24.4","0","0.5","0","REFERENCE","true","true","true","Reference only — verify authoritative source before production"
"BATCH0_248","Tuna, skipjack","Tuna","non-veg","Fish & seafood","RAW","103","22","0","1","0","REFERENCE","true","true","true","Reference only — verify authoritative source before production"
"BATCH0_249","Salmon, Atlantic","Salmon","non-veg","Fish & seafood","RAW","208","20.4","0","13.4","0","REFERENCE","true","true","true","Reference only — verify authoritative source before production"
"BATCH0_250","Basa","Pangasius","non-veg","Fish & seafood","RAW","90","15","0","3","0","REFERENCE","true","true","true","Reference only — verify authoritative source before production"
"BATCH0_251","Tilapia","Tilapia","non-veg","Fish & seafood","RAW","96","20.1","0","1.7","0","REFERENCE","true","true","true","Reference only — verify authoritative source before production"
"BATCH0_252","Singhara fish","Singhi|Catfish","non-veg","Fish & seafood","RAW","105","18","0","3.5","0","REFERENCE","true","true","true","Reference only — verify authoritative source before production"
"BATCH0_253","Magur","Walking catfish","non-veg","Fish & seafood","RAW","105","18","0","3.5","0","REFERENCE","true","true","true","Reference only — verify authoritative source before production"
"BATCH0_254","Murrel","Snakehead|Korameenu","non-veg","Fish & seafood","RAW","100","20","0","2","0","REFERENCE","true","true","true","Reference only — verify authoritative source before production"
"BATCH0_255","Pearl spot","Karimeen","non-veg","Fish & seafood","RAW","130","20","0","5","0","REFERENCE","true","true","true","Reference only — verify authoritative source before production"
"BATCH0_256","Mullet","Grey mullet","non-veg","Fish & seafood","RAW","117","19.4","0","3.8","0","REFERENCE","true","true","true","Reference only — verify authoritative source before production"
"BATCH0_257","Ribbonfish","Vam|Beltfish","non-veg","Fish & seafood","RAW","113","20","0","3","0","REFERENCE","true","true","true","Reference only — verify authoritative source before production"
"BATCH0_258","Red snapper","Snapper","non-veg","Fish & seafood","RAW","100","20.5","0","1.3","0","REFERENCE","true","true","true","Reference only — verify authoritative source before production"
"BATCH0_259","Sea bass","Bhetki|Barramundi","non-veg","Fish & seafood","RAW","124","23","0","3","0","REFERENCE","true","true","true","Reference only — verify authoritative source before production"
"BATCH0_260","Barramundi","Asian sea bass","non-veg","Fish & seafood","RAW","124","23","0","3","0","REFERENCE","true","true","true","Reference only — verify authoritative source before production"
"BATCH0_261","Trout","Trout","non-veg","Fish & seafood","RAW","148","20.5","0","6.5","0","REFERENCE","true","true","true","Reference only — verify authoritative source before production"
"BATCH0_262","Eel","Eel","non-veg","Fish & seafood","RAW","184","18.4","0","11.7","0","REFERENCE","true","true","true","Reference only — verify authoritative source before production"
"BATCH0_263","Prawns","Jhinga","non-veg","Fish & seafood","RAW","99","20.9","0.2","1.7","0","REFERENCE","true","true","true","Reference only — verify authoritative source before production"
"BATCH0_264","Shrimp","Shrimp","non-veg","Fish & seafood","RAW","85","20","0","0.5","0","REFERENCE","true","true","true","Reference only — verify authoritative source before production"
"BATCH0_265","Crab","Kekda","non-veg","Fish & seafood","RAW","87","18.1","0","1.1","0","REFERENCE","true","true","true","Reference only — verify authoritative source before production"
"BATCH0_266","Lobster","Lobster","non-veg","Fish & seafood","RAW","89","19","0","0.9","0","REFERENCE","true","true","true","Reference only — verify authoritative source before production"
"BATCH0_267","Squid","Calamari","non-veg","Fish & seafood","RAW","92","15.6","3.1","1.4","0","REFERENCE","true","true","true","Reference only — verify authoritative source before production"
"BATCH0_268","Octopus","Octopus","non-veg","Fish & seafood","RAW","82","14.9","2.2","1","0","REFERENCE","true","true","true","Reference only — verify authoritative source before production"
"BATCH0_269","Mussels","Mussels","non-veg","Fish & seafood","RAW","86","11.9","3.7","2.2","0","REFERENCE","true","true","true","Reference only — verify authoritative source before production"
"BATCH0_270","Clams","Clams","non-veg","Fish & seafood","RAW","74","12.8","2.6","1","0","REFERENCE","true","true","true","Reference only — verify authoritative source before production"
"BATCH0_271","Oysters","Oysters","non-veg","Fish & seafood","RAW","68","7","3.9","2.5","0","REFERENCE","true","true","true","Reference only — verify authoritative source before production"
"BATCH0_272","Peanuts","Groundnut|Moongfali","nuts","Nuts, kernels & seeds","RAW","567","25.8","16.1","49.2","8.5","GOVERNED","false","false","false","Reference only — verify authoritative source before production"
"BATCH0_273","Almonds","Badam","nuts","Nuts, kernels & seeds","RAW","579","21.2","21.6","49.9","12.5","REFERENCE","true","true","true","Reference only — verify authoritative source before production"
"BATCH0_274","Cashews","Kaju","nuts","Nuts, kernels & seeds","RAW","553","18.2","30.2","43.8","3.3","REFERENCE","true","true","true","Reference only — verify authoritative source before production"
"BATCH0_275","Walnuts","Akhrot","nuts","Nuts, kernels & seeds","RAW","654","15.2","13.7","65.2","6.7","REFERENCE","true","true","true","Reference only — verify authoritative source before production"
"BATCH0_276","Pistachios","Pista","nuts","Nuts, kernels & seeds","RAW","560","20.2","27.2","45.3","10.6","REFERENCE","true","true","true","Reference only — verify authoritative source before production"
"BATCH0_277","Hazelnuts","Hazelnut","nuts","Nuts, kernels & seeds","RAW","628","15","16.7","60.8","9.7","REFERENCE","true","true","true","Reference only — verify authoritative source before production"
"BATCH0_278","Brazil nuts","Brazil nut","nuts","Nuts, kernels & seeds","RAW","659","14.3","11.7","67.1","7.5","REFERENCE","true","true","true","Reference only — verify authoritative source before production"
"BATCH0_279","Pine nuts","Chilgoza","nuts","Nuts, kernels & seeds","RAW","673","13.7","13.1","68.4","3.7","REFERENCE","true","true","true","Reference only — verify authoritative source before production"
"BATCH0_280","Pumpkin seeds","Kaddu ke beej","nuts","Nuts, kernels & seeds","RAW","559","30.2","10.7","49.1","6","REFERENCE","true","true","true","Reference only — verify authoritative source before production"
"BATCH0_281","Sunflower seeds","Surajmukhi ke beej","nuts","Nuts, kernels & seeds","RAW","584","20.8","20","51.5","8.6","REFERENCE","true","true","true","Reference only — verify authoritative source before production"
"BATCH0_282","Sesame seeds","Til","nuts","Nuts, kernels & seeds","RAW","573","17.7","23.4","49.7","11.8","GOVERNED","false","false","false","Reference only — verify authoritative source before production"
"BATCH0_283","Flax seeds","Alsi","nuts","Nuts, kernels & seeds","RAW","534","18.3","28.9","42.2","27.3","REFERENCE","true","true","true","Reference only — verify authoritative source before production"
"BATCH0_284","Chia seeds","Chia","nuts","Nuts, kernels & seeds","RAW","486","16.5","42.1","30.7","34.4","REFERENCE","true","true","true","Reference only — verify authoritative source before production"
"BATCH0_285","Basil seeds","Sabja|Tukmaria","nuts","Nuts, kernels & seeds","RAW","473","14.8","42","25","38","REFERENCE","true","true","true","Reference only — verify authoritative source before production"
"BATCH0_286","Watermelon seeds","Magaz","nuts","Nuts, kernels & seeds","RAW","557","28.3","15.3","47.4","4","REFERENCE","true","true","true","Reference only — verify authoritative source before production"
"BATCH0_287","Poppy seeds","Khus khus","nuts","Nuts, kernels & seeds","RAW","525","18","28.1","41.6","19.5","REFERENCE","true","true","true","Reference only — verify authoritative source before production"
"BATCH0_288","Coconut, desiccated","Sukha nariyal","nuts","Nuts, kernels & seeds","DRY","660","6.9","23.7","64.5","16.3","REFERENCE","true","true","true","Reference only — verify authoritative source before production"
"BATCH0_289","Ghee","Desi ghee","oil","Cooking oils & fats","FAT","900","0","0","100","0","REFERENCE","false","true","true","Reference only — verify authoritative source before production"
"BATCH0_290","Butter, salted","Makkhan","oil","Cooking oils & fats","FAT","717","0.9","0.1","81.1","0","REFERENCE","false","true","true","Reference only — verify authoritative source before production"
"BATCH0_291","Butter, unsalted","Unsalted butter","oil","Cooking oils & fats","FAT","717","0.9","0.1","81.1","0","REFERENCE","false","true","true","Reference only — verify authoritative source before production"
"BATCH0_292","Groundnut oil","Peanut oil","oil","Cooking oils & fats","OIL","884","0","0","100","0","REFERENCE","false","true","true","Reference only — verify authoritative source before production"
"BATCH0_293","Sunflower oil","Sunflower oil","oil","Cooking oils & fats","OIL","884","0","0","100","0","REFERENCE","false","true","true","Reference only — verify authoritative source before production"
"BATCH0_294","Mustard oil","Sarson oil","oil","Cooking oils & fats","OIL","884","0","0","100","0","REFERENCE","false","true","true","Reference only — verify authoritative source before production"
"BATCH0_295","Rice bran oil","Rice bran oil","oil","Cooking oils & fats","OIL","884","0","0","100","0","REFERENCE","false","true","true","Reference only — verify authoritative source before production"
"BATCH0_296","Soybean oil","Soy oil","oil","Cooking oils & fats","OIL","884","0","0","100","0","REFERENCE","false","true","true","Reference only — verify authoritative source before production"
"BATCH0_297","Sesame oil","Til|Gingelly oil","oil","Cooking oils & fats","OIL","884","0","0","100","0","REFERENCE","false","true","true","Reference only — verify authoritative source before production"
"BATCH0_298","Coconut oil","Nariyal tel","oil","Cooking oils & fats","OIL","892","0","0","100","0","GOVERNED","false","false","false","Reference only — verify authoritative source before production"
"BATCH0_299","Olive oil","Olive oil","oil","Cooking oils & fats","OIL","884","0","0","100","0","GOVERNED","false","false","false","Reference only — verify authoritative source before production"
"BATCH0_300","Canola oil","Canola oil","oil","Cooking oils & fats","OIL","884","0","0","100","0","GOVERNED","false","false","false","Reference only — verify authoritative source before production"
"BATCH0_301","Cottonseed oil","Cottonseed oil","oil","Cooking oils & fats","OIL","884","0","0","100","0","REFERENCE","false","true","true","Reference only — verify authoritative source before production"
"BATCH0_302","Palm oil","Palm oil","oil","Cooking oils & fats","OIL","884","0","0","100","0","REFERENCE","false","true","true","Reference only — verify authoritative source before production"
"BATCH0_303","Vanaspati","Hydrogenated vegetable fat","oil","Cooking oils & fats","FAT","884","0","0","100","0","REFERENCE","false","true","true","Reference only — verify authoritative source before production"
"BATCH0_304","Fresh cream","Malai|Cream","oil","Cooking oils & fats","READY_TO_USE","340","2.1","2.8","36.1","0","REFERENCE","false","true","true","Reference only — verify authoritative source before production"
"BATCH0_305","White sugar","Cheeni","sweetener","Sugars & syrups","DRY","387","0","100","0","0","REFERENCE","false","true","true","Reference only — verify authoritative source before production"
"BATCH0_306","Brown sugar","Brown sugar","sweetener","Sugars & syrups","DRY","380","0.1","98.1","0","0","REFERENCE","false","true","true","Reference only — verify authoritative source before production"
"BATCH0_307","Jaggery","Gur","sweetener","Sugars & syrups","DRY","383","0.4","98","0.1","0","REFERENCE","false","true","true","Reference only — verify authoritative source before production"
"BATCH0_308","Honey","Shahad","sweetener","Sugars & syrups","LIQUID","304","0.3","82.4","0","0.2","REFERENCE","false","true","true","Reference only — verify authoritative source before production"
"BATCH0_309","Date syrup","Khajur syrup","sweetener","Sugars & syrups","LIQUID","300","1","75","0","2","REFERENCE","false","true","true","Reference only — verify authoritative source before production"
"BATCH0_310","Turmeric powder","Haldi","spice","Spices & flavouring ingredients","DRY","312","9.7","67.1","3.3","22.7","REFERENCE","false","true","true","Reference only — verify authoritative source before production"
"BATCH0_311","Cumin seeds","Jeera","spice","Spices & flavouring ingredients","DRY","375","17.8","44.2","22.3","10.5","GOVERNED","false","false","false","Reference only — verify authoritative source before production"
"BATCH0_312","Coriander seeds","Dhania seeds","spice","Spices & flavouring ingredients","DRY","298","12.4","55","17.8","41.9","GOVERNED","false","false","false","Reference only — verify authoritative source before production"
"BATCH0_313","Mustard seeds","Rai","spice","Spices & flavouring ingredients","DRY","508","26.1","28.1","36.2","12.2","REFERENCE","false","true","true","Reference only — verify authoritative source before production"
"BATCH0_314","Fenugreek seeds","Methi dana","spice","Spices & flavouring ingredients","DRY","323","23","58.4","6.4","24.6","REFERENCE","false","true","true","Reference only — verify authoritative source before production"
"BATCH0_315","Black pepper","Kali mirch","spice","Spices & flavouring ingredients","DRY","251","10.4","64","3.3","25.3","REFERENCE","false","true","true","Reference only — verify authoritative source before production"
"BATCH0_316","Red chilli powder","Lal mirch powder","spice","Spices & flavouring ingredients","DRY","282","12","50","14","35","REFERENCE","false","true","true","Reference only — verify authoritative source before production"
"BATCH0_317","Cardamom","Elaichi","spice","Spices & flavouring ingredients","DRY","311","11","68.5","6.7","28","REFERENCE","false","true","true","Reference only — verify authoritative source before production"
"BATCH0_318","Cinnamon","Dalchini","spice","Spices & flavouring ingredients","DRY","247","4","80.6","1.2","53.1","REFERENCE","false","true","true","Reference only — verify authoritative source before production"
"BATCH0_319","Cloves","Laung","spice","Spices & flavouring ingredients","DRY","274","6","65.5","13","33.9","REFERENCE","false","true","true","Reference only — verify authoritative source before production"
"BATCH0_320","Fennel seeds","Saunf","spice","Spices & flavouring ingredients","DRY","345","15.8","52.3","14.9","39.8","REFERENCE","false","true","true","Reference only — verify authoritative source before production"
"BATCH0_321","Ajwain","Carom seeds","spice","Spices & flavouring ingredients","DRY","305","15.4","43","25","39","REFERENCE","false","true","true","Reference only — verify authoritative source before production"
"BATCH0_322","Tamarind pulp","Imli","spice","Spices & flavouring ingredients","RAW_PULP","239","2.8","62.5","0.6","5.1","REFERENCE","false","true","true","Reference only — verify authoritative source before production"
"BATCH0_323","Rice, white cooked","Cooked chawal","staple","Common cooked reference foods","COOKED","130","2.4","28.2","0.3","0.4","REFERENCE","true","true","true","Reference only — verify authoritative source before production"
"BATCH0_324","Rice, brown cooked","Cooked brown rice","staple","Common cooked reference foods","COOKED","123","2.7","25.6","1","1.6","REFERENCE","true","true","true","Reference only — verify authoritative source before production"
"BATCH0_325","Oats cooked in water","Oatmeal","staple","Common cooked reference foods","COOKED","71","2.5","12","1.5","1.7","REFERENCE","true","true","true","Reference only — verify authoritative source before production"
"BATCH0_326","Green gram cooked","Cooked moong","staple","Common cooked reference foods","COOKED","105","7","19.2","0.4","7.6","REFERENCE","true","true","true","Reference only — verify authoritative source before production"
"BATCH0_327","Chickpeas cooked","Cooked chana","staple","Common cooked reference foods","COOKED","164","8.9","27.4","2.6","7.6","REFERENCE","true","true","true","Reference only — verify authoritative source before production"
"BATCH0_328","Kidney beans cooked","Cooked rajma","staple","Common cooked reference foods","COOKED","127","8.7","22.8","0.5","6.4","REFERENCE","true","true","true","Reference only — verify authoritative source before production"
"BATCH0_329","Lentils cooked","Cooked masoor","staple","Common cooked reference foods","COOKED","116","9","20.1","0.4","7.9","REFERENCE","true","true","true","Reference only — verify authoritative source before production"
"BATCH0_330","Toor dal cooked","Cooked arhar dal","staple","Common cooked reference foods","COOKED","121","6.8","20.4","1.2","5.5","REFERENCE","true","true","true","Reference only — verify authoritative source before production"
"BATCH0_331","Potato boiled","Uble aloo","staple","Common cooked reference foods","COOKED","87","1.9","20.1","0.1","1.8","REFERENCE","true","true","true","Reference only — verify authoritative source before production"
"BATCH0_332","Sweet potato boiled","Boiled shakarkand","staple","Common cooked reference foods","COOKED","76","1.4","17.7","0.1","2.5","REFERENCE","true","true","true","Reference only — verify authoritative source before production"
"BATCH0_333","Chicken breast cooked","Cooked chicken breast","staple","Common cooked reference foods","COOKED","165","31","0","3.6","0","GOVERNED","false","false","false","Reference only — verify authoritative source before production"
"BATCH0_334","Egg whole boiled","Boiled egg","staple","Common cooked reference foods","COOKED","155","12.6","1.1","10.6","0","REFERENCE","true","true","true","Reference only — verify authoritative source before production"
"BATCH0_335","Fish, generic lean cooked","Cooked lean fish","staple","Common cooked reference foods","COOKED","130","26","0","3","0","REFERENCE","true","true","true","Reference only — verify authoritative source before production"
